dataset,final_variant,source_variant,source_wave,inference_mode,validation_metric,validation_score,source_config_path,matched_validation_baseline,validation_delta,validation_percent_delta,validation_status
sberbank-housing,baseline_plr,baseline_plr,smoke,mean,,,exp/integrated/smoke/sberbank-housing/baseline_plr-evaluation/0.toml,,,,
sberbank-housing,best_rla_only,rla_rank2_noise0.001,sweeps,greedy-heads,0.2328613038082034,-0.2328613038082034,exp/integrated/sweeps/sberbank-housing/rla_rank2_noise0.001-evaluation/0.toml,,,,
sberbank-housing,best_esam_only,esam_rho0.0025,sweeps,greedy-heads,0.23295802298295287,-0.23295802298295287,exp/integrated/sweeps/sberbank-housing/esam_rho0.0025-evaluation/0.toml,,,,
sberbank-housing,best_mfb_only,mfb_keep0.8,sweeps,greedy-heads,0.23237596587359466,-0.23237596587359466,exp/integrated/sweeps/sberbank-housing/mfb_keep0.8-evaluation/0.toml,,,,
sberbank-housing,best_cf_fisd_only,cf_fisd_only,smoke,greedy-heads,0.23327114512588593,-0.23327114512588593,exp/integrated/smoke/sberbank-housing/cf_fisd_only-evaluation/0.toml,,,,
sberbank-housing,best_combined,mfb_cf_fisd,sweeps,greedy-heads,0.23320900639668657,-0.23320900639668657,exp/integrated/sweeps/sberbank-housing/mfb_cf_fisd-evaluation/0.toml,,,,
ecom-offers,baseline_plr,baseline_plr,smoke,mean,,,exp/integrated/smoke/ecom-offers/baseline_plr-evaluation/0.toml,,,,
ecom-offers,best_rla_only,rla_rank2_noise0.0001,sweeps,best-head,0.6396541901648656,0.6396541901648656,exp/integrated/sweeps/ecom-offers/rla_rank2_noise0.0001-evaluation/0.toml,,,,
ecom-offers,best_esam_only,esam_rho0.001,sweeps,greedy-heads,0.641845068859757,0.641845068859757,exp/integrated/sweeps/ecom-offers/esam_rho0.001-evaluation/0.toml,,,,
ecom-offers,best_mfb_only,mfb_keep0.7,sweeps,best-head,0.6547032702847417,0.6547032702847417,exp/integrated/sweeps/ecom-offers/mfb_keep0.7-evaluation/0.toml,,,,
ecom-offers,best_cf_fisd_only,cf_fisd_lambda0.05,sweeps,greedy-heads,0.6419149054445072,0.6419149054445072,exp/integrated/sweeps/ecom-offers/cf_fisd_lambda0.05-evaluation/0.toml,,,,
ecom-offers,best_combined,mfb_cf_fisd,sweeps,greedy-heads,0.6506783465179156,0.6506783465179156,exp/integrated/sweeps/ecom-offers/mfb_cf_fisd-evaluation/0.toml,,,,
homesite-insurance,baseline_plr,baseline_plr,smoke,mean,,,exp/integrated/smoke/homesite-insurance/baseline_plr-evaluation/0.toml,,,,
homesite-insurance,best_rla_only,rla_rank4_noise1e-05,sweeps,greedy-heads,0.9591329763748824,0.9591329763748824,exp/integrated/sweeps/homesite-insurance/rla_rank4_noise1e-05-evaluation/0.toml,,,,
homesite-insurance,best_esam_only,esam_only,smoke,greedy-heads,0.958991133281215,0.958991133281215,exp/integrated/smoke/homesite-insurance/esam_only-evaluation/0.toml,,,,
homesite-insurance,best_mfb_only,mfb_keep0.95,sweeps,greedy-heads,0.9592957095194116,0.9592957095194116,exp/integrated/sweeps/homesite-insurance/mfb_keep0.95-evaluation/0.toml,,,,
homesite-insurance,best_cf_fisd_only,cf_fisd_only,smoke,greedy-heads,0.9594844321379927,0.9594844321379927,exp/integrated/smoke/homesite-insurance/cf_fisd_only-evaluation/0.toml,,,,
homesite-insurance,best_combined,mfb_cf_fisd,sweeps,greedy-heads,0.9597570226838343,0.9597570226838343,exp/integrated/sweeps/homesite-insurance/mfb_cf_fisd-evaluation/0.toml,,,,
cooking-time,baseline_plr,baseline_plr,smoke,mean,,,exp/integrated/smoke/cooking-time/baseline_plr-evaluation/0.toml,,,,
cooking-time,best_rla_only,rla_rank4_noise0.001,sweeps,greedy-heads,0.4624107384246987,-0.4624107384246987,exp/integrated/sweeps/cooking-time/rla_rank4_noise0.001-evaluation/0.toml,,,,
cooking-time,best_esam_only,esam_rho0.0025,sweeps,greedy-heads,0.46246732196836127,-0.46246732196836127,exp/integrated/sweeps/cooking-time/esam_rho0.0025-evaluation/0.toml,,,,
cooking-time,best_mfb_only,mfb_keep0.8,sweeps,greedy-heads,0.4624822561623469,-0.4624822561623469,exp/integrated/sweeps/cooking-time/mfb_keep0.8-evaluation/0.toml,,,,
cooking-time,best_cf_fisd_only,cf_fisd_lambda0.05,sweeps,greedy-heads,0.4628482268025946,-0.4628482268025946,exp/integrated/sweeps/cooking-time/cf_fisd_lambda0.05-evaluation/0.toml,,,,
cooking-time,best_combined,rla_esam,sweeps,greedy-heads,0.4624234187671886,-0.4624234187671886,exp/integrated/sweeps/cooking-time/rla_esam-evaluation/0.toml,,,,
delivery-eta,baseline_plr,baseline_plr,smoke,mean,,,exp/integrated/smoke/delivery-eta/baseline_plr-evaluation/0.toml,,,,
delivery-eta,best_rla_only,deliv_rla_r4_n0p0001_lr0p5_fr0,rescue_delivery_individual,best-head,0.5572652691682626,-0.5572652691682626,exp/integrated/rescue_delivery_individual/delivery-eta/deliv_rla_r4_n0p0001_lr0p5_fr0-evaluation/0.toml,0.5583881453279098,0.0011228761596472348,0.20109240660684746,validation_win
delivery-eta,best_esam_only,deliv_esam_rho0p001_sf0p25_adapterf,rescue_delivery_individual,mean,0.5558269510040955,-0.5558269510040955,exp/integrated/rescue_delivery_individual/delivery-eta/deliv_esam_rho0p001_sf0p25_adapterf-evaluation/0.toml,0.5558749906446844,4.8039640588859456e-05,0.008642166205956623,validation_win
delivery-eta,best_mfb_only,deliv_mfb_k0p975_sf0p5_numerical_only,rescue_delivery_individual,mean,0.5558048331442785,-0.5558048331442785,exp/integrated/rescue_delivery_individual/delivery-eta/deliv_mfb_k0p975_sf0p5_numerical_only-evaluation/0.toml,0.5558749906446844,7.015750040584301e-05,0.012621093157020213,validation_win
delivery-eta,best_cf_fisd_only,deliv_cf_l0p005_consensus_raw,rescue_delivery_individual,greedy-heads,0.5553348954063525,-0.5553348954063525,exp/integrated/rescue_delivery_individual/delivery-eta/deliv_cf_l0p005_consensus_raw-evaluation/0.toml,0.5553348954063525,0.0,0.0,close_no_validation_win
delivery-eta,best_combined,deliv_comb_rla_cf,rescue_delivery_combined,best-head,0.5572652691682626,-0.5572652691682626,exp/integrated/rescue_delivery_combined/delivery-eta/deliv_comb_rla_cf-evaluation/0.toml,0.5583881453279098,0.0011228761596472348,0.20109240660684746,validation_win
